{
    "id": "com.microsoft.test.shail20",
    "name": "Checklist(shail)20",
    "description": "sample app",
    "provider": {
        "name": "Microsoft",
        "websiteUrl": "https://www.microsoft.com/",
        "privacyUrl": "https://www.microsoft.com/privacy",
        "termsOfUseUrl": "https://www.microsoft.com/app-tos"
    },
    "icon": "images/appIcon.png",
    "version": "1.0.144",
    "actionModel": "actionModel.json",
    "views": {
        "CardView": {
            "sourceLocation": "cardView.json"
        },
        "LaunchView": {
            "sourceLocation": "createView.html",
            "header": "Create a new checklist"
        },
        "UpdateView": {
            "sourceLocation": "updateView.html",
            "header": " Edit the checklist"
        }

    },
    "localizationInfo": {
        "defaultLocale": "en-us",
        "localeFiles": {
            "en-us": "strings/en-us/strings.json"
        }
    }
}