{
    "id": "com.microsoft.test.shail11",
    "name": "Checklist(shail)11",
    "description": "sample app",
    "provider": {
        "name": "Microsoft",
        "websiteUrl": "https://www.microsoft.com/",
        "privacyUrl": "https://www.microsoft.com/privacy",
        "termsOfUseUrl": "https://www.microsoft.com/app-tos"
    },
    "icon": "images/appIcon.png",
    "version": "1.0.20",
    "actionModel": "actionModel.json",
    "views": {
        "CardView": {
            "sourceLocation": "json/cardView.json"
        },
        "LaunchView": {
            "sourceLocation": "html/createView.html",
            "header": "Checklist Create View"
        },
        "ResponseView": {
            "sourceLocation": "html/responseView.html",
            "header": " Checklist Response View"
        }

    },
    "localizationInfo": {
        "defaultLocale": "en-us",
        "localeFiles": {
            "en-us": "strings/strings.json"
        }
    }
}